{
  "topic": {
    "precision": 0.0,
    "recall": 0.0,
    "f1-score": 0.0,
    "support": 15,
    "confused_with": {}
  },
  "site": {
    "precision": 0.6666666666666666,
    "recall": 0.2222222222222222,
    "f1-score": 0.3333333333333333,
    "support": 9,
    "confused_with": {}
  },
  "mode": {
    "precision": 0.6428571428571429,
    "recall": 0.8181818181818182,
    "f1-score": 0.7200000000000001,
    "support": 11,
    "confused_with": {}
  },
  "name": {
    "precision": 0.0,
    "recall": 0.0,
    "f1-score": 0.0,
    "support": 8,
    "confused_with": {}
  },
  "micro avg": {
    "precision": 0.55,
    "recall": 0.2558139534883721,
    "f1-score": 0.34920634920634924,
    "support": 43
  },
  "macro avg": {
    "precision": 0.3273809523809524,
    "recall": 0.2601010101010101,
    "f1-score": 0.26333333333333336,
    "support": 43
  },
  "weighted avg": {
    "precision": 0.3039867109634552,
    "recall": 0.2558139534883721,
    "f1-score": 0.2539534883720931,
    "support": 43
  }
}