{
  "topic": {
    "precision": 0.0,
    "recall": 0.0,
    "f1-score": 0.0,
    "support": 15,
    "confused_with": {}
  },
  "mode": {
    "precision": 0.7142857142857143,
    "recall": 0.7142857142857143,
    "f1-score": 0.7142857142857143,
    "support": 7,
    "confused_with": {}
  },
  "site": {
    "precision": 1.0,
    "recall": 0.2222222222222222,
    "f1-score": 0.3636363636363636,
    "support": 9,
    "confused_with": {}
  },
  "micro avg": {
    "precision": 0.7,
    "recall": 0.22580645161290322,
    "f1-score": 0.3414634146341463,
    "support": 31
  },
  "macro avg": {
    "precision": 0.5714285714285715,
    "recall": 0.31216931216931215,
    "f1-score": 0.3593073593073593,
    "support": 31
  },
  "weighted avg": {
    "precision": 0.45161290322580644,
    "recall": 0.22580645161290322,
    "f1-score": 0.2668621700879766,
    "support": 31
  }
}