{
  "site": {
    "precision": 1.0,
    "recall": 0.2222222222222222,
    "f1-score": 0.3636363636363636,
    "support": 9,
    "confused_with": {}
  },
  "topic": {
    "precision": 0.0,
    "recall": 0.0,
    "f1-score": 0.0,
    "support": 15,
    "confused_with": {}
  },
  "mode": {
    "precision": 1.0,
    "recall": 0.8181818181818182,
    "f1-score": 0.9,
    "support": 11,
    "confused_with": {}
  },
  "name": {
    "precision": 0.0,
    "recall": 0.0,
    "f1-score": 0.0,
    "support": 8,
    "confused_with": {}
  },
  "micro avg": {
    "precision": 0.9166666666666666,
    "recall": 0.2558139534883721,
    "f1-score": 0.4,
    "support": 43
  },
  "macro avg": {
    "precision": 0.5,
    "recall": 0.2601010101010101,
    "f1-score": 0.3159090909090909,
    "support": 43
  },
  "weighted avg": {
    "precision": 0.46511627906976744,
    "recall": 0.2558139534883721,
    "f1-score": 0.30634249471458774,
    "support": 43
  }
}