{
  "site": {
    "precision": 1.0,
    "recall": 0.2222222222222222,
    "f1-score": 0.3636363636363636,
    "support": 9,
    "confused_with": {}
  },
  "mode": {
    "precision": 1.0,
    "recall": 0.5714285714285714,
    "f1-score": 0.7272727272727273,
    "support": 7,
    "confused_with": {}
  },
  "topic": {
    "precision": 1.0,
    "recall": 0.06666666666666667,
    "f1-score": 0.125,
    "support": 15,
    "confused_with": {}
  },
  "micro avg": {
    "precision": 1.0,
    "recall": 0.22580645161290322,
    "f1-score": 0.3684210526315789,
    "support": 31
  },
  "macro avg": {
    "precision": 1.0,
    "recall": 0.28677248677248673,
    "f1-score": 0.4053030303030303,
    "support": 31
  },
  "weighted avg": {
    "precision": 1.0,
    "recall": 0.22580645161290322,
    "f1-score": 0.33027859237536655,
    "support": 31
  }
}