{
  "name": {
    "precision": 0.0,
    "recall": 0.0,
    "f1-score": 0.0,
    "support": 8,
    "confused_with": {}
  },
  "topic": {
    "precision": 0.0,
    "recall": 0.0,
    "f1-score": 0.0,
    "support": 15,
    "confused_with": {}
  },
  "mode": {
    "precision": 0.8181818181818182,
    "recall": 0.8181818181818182,
    "f1-score": 0.8181818181818182,
    "support": 11,
    "confused_with": {}
  },
  "site": {
    "precision": 1.0,
    "recall": 0.2222222222222222,
    "f1-score": 0.3636363636363636,
    "support": 9,
    "confused_with": {}
  },
  "micro avg": {
    "precision": 0.7857142857142857,
    "recall": 0.2558139534883721,
    "f1-score": 0.38596491228070184,
    "support": 43
  },
  "macro avg": {
    "precision": 0.4545454545454546,
    "recall": 0.2601010101010101,
    "f1-score": 0.29545454545454547,
    "support": 43
  },
  "weighted avg": {
    "precision": 0.4186046511627907,
    "recall": 0.2558139534883721,
    "f1-score": 0.2854122621564482,
    "support": 43
  }
}