{
  "site": {
    "precision": 0.8,
    "recall": 0.8888888888888888,
    "f1-score": 0.8421052631578948,
    "support": 9,
    "confused_with": {}
  },
  "mode": {
    "precision": 0.8333333333333334,
    "recall": 0.9090909090909091,
    "f1-score": 0.8695652173913043,
    "support": 11,
    "confused_with": {}
  },
  "name": {
    "precision": 0.0,
    "recall": 0.0,
    "f1-score": 0.0,
    "support": 8,
    "confused_with": {}
  },
  "topic": {
    "precision": 0.6666666666666666,
    "recall": 0.13333333333333333,
    "f1-score": 0.2222222222222222,
    "support": 15,
    "confused_with": {}
  },
  "micro avg": {
    "precision": 0.8,
    "recall": 0.46511627906976744,
    "f1-score": 0.5882352941176471,
    "support": 43
  },
  "macro avg": {
    "precision": 0.575,
    "recall": 0.48282828282828283,
    "f1-score": 0.4834731756928553,
    "support": 43
  },
  "weighted avg": {
    "precision": 0.6131782945736434,
    "recall": 0.46511627906976744,
    "f1-score": 0.47622088588508676,
    "support": 43
  }
}