{
  "topic": {
    "precision": 1.0,
    "recall": 0.4666666666666667,
    "f1-score": 0.6363636363636364,
    "support": 15,
    "confused_with": {}
  },
  "mode": {
    "precision": 1.0,
    "recall": 1.0,
    "f1-score": 1.0,
    "support": 7,
    "confused_with": {}
  },
  "site": {
    "precision": 0.8,
    "recall": 0.8888888888888888,
    "f1-score": 0.8421052631578948,
    "support": 9,
    "confused_with": {}
  },
  "micro avg": {
    "precision": 0.9166666666666666,
    "recall": 0.7096774193548387,
    "f1-score": 0.7999999999999999,
    "support": 31
  },
  "macro avg": {
    "precision": 0.9333333333333332,
    "recall": 0.7851851851851852,
    "f1-score": 0.8261562998405103,
    "support": 31
  },
  "weighted avg": {
    "precision": 0.9419354838709677,
    "recall": 0.7096774193548387,
    "f1-score": 0.7782065133508259,
    "support": 31
  }
}