{
  "topic": {
    "precision": 1.0,
    "recall": 0.2,
    "f1-score": 0.33333333333333337,
    "support": 15,
    "confused_with": {}
  },
  "site": {
    "precision": 1.0,
    "recall": 0.8888888888888888,
    "f1-score": 0.9411764705882353,
    "support": 9,
    "confused_with": {}
  },
  "mode": {
    "precision": 0.8181818181818182,
    "recall": 0.8181818181818182,
    "f1-score": 0.8181818181818182,
    "support": 11,
    "confused_with": {}
  },
  "name": {
    "precision": 0.0,
    "recall": 0.0,
    "f1-score": 0.0,
    "support": 8,
    "confused_with": {}
  },
  "micro avg": {
    "precision": 0.9090909090909091,
    "recall": 0.46511627906976744,
    "f1-score": 0.6153846153846153,
    "support": 43
  },
  "macro avg": {
    "precision": 0.7045454545454546,
    "recall": 0.47676767676767673,
    "f1-score": 0.5231729055258467,
    "support": 43
  },
  "weighted avg": {
    "precision": 0.7674418604651163,
    "recall": 0.46511627906976744,
    "f1-score": 0.5225718194254446,
    "support": 43
  }
}