{
  "topic": {
    "precision": 0.0,
    "recall": 0.0,
    "f1-score": 0.0,
    "support": 15,
    "confused_with": {}
  },
  "mode": {
    "precision": 0.875,
    "recall": 1.0,
    "f1-score": 0.9333333333333333,
    "support": 7,
    "confused_with": {}
  },
  "site": {
    "precision": 1.0,
    "recall": 0.2222222222222222,
    "f1-score": 0.3636363636363636,
    "support": 9,
    "confused_with": {}
  },
  "micro avg": {
    "precision": 0.6923076923076923,
    "recall": 0.2903225806451613,
    "f1-score": 0.4090909090909091,
    "support": 31
  },
  "macro avg": {
    "precision": 0.625,
    "recall": 0.40740740740740744,
    "f1-score": 0.4323232323232323,
    "support": 31
  },
  "weighted avg": {
    "precision": 0.4879032258064516,
    "recall": 0.2903225806451613,
    "f1-score": 0.31632453567937435,
    "support": 31
  }
}