{
  "mode": {
    "precision": 0.9090909090909091,
    "recall": 0.9090909090909091,
    "f1-score": 0.9090909090909091,
    "support": 11,
    "confused_with": {}
  },
  "name": {
    "precision": 0.0,
    "recall": 0.0,
    "f1-score": 0.0,
    "support": 8,
    "confused_with": {}
  },
  "site": {
    "precision": 0.75,
    "recall": 0.3333333333333333,
    "f1-score": 0.46153846153846156,
    "support": 9,
    "confused_with": {
      "topic": 1
    }
  },
  "topic": {
    "precision": 0.0,
    "recall": 0.0,
    "f1-score": 0.0,
    "support": 15,
    "confused_with": {}
  },
  "micro avg": {
    "precision": 0.6842105263157895,
    "recall": 0.3023255813953488,
    "f1-score": 0.41935483870967744,
    "support": 43
  },
  "macro avg": {
    "precision": 0.4147727272727273,
    "recall": 0.3106060606060606,
    "f1-score": 0.34265734265734266,
    "support": 43
  },
  "weighted avg": {
    "precision": 0.38953488372093026,
    "recall": 0.3023255813953488,
    "f1-score": 0.3291592128801431,
    "support": 43
  }
}