{
  "site": {
    "precision": 1.0,
    "recall": 0.2222222222222222,
    "f1-score": 0.3636363636363636,
    "support": 9,
    "confused_with": {}
  },
  "mode": {
    "precision": 0.6,
    "recall": 0.42857142857142855,
    "f1-score": 0.5,
    "support": 7,
    "confused_with": {}
  },
  "topic": {
    "precision": 0.25,
    "recall": 0.06666666666666667,
    "f1-score": 0.10526315789473685,
    "support": 15,
    "confused_with": {}
  },
  "micro avg": {
    "precision": 0.5454545454545454,
    "recall": 0.1935483870967742,
    "f1-score": 0.2857142857142857,
    "support": 31
  },
  "macro avg": {
    "precision": 0.6166666666666667,
    "recall": 0.23915343915343912,
    "f1-score": 0.32296650717703346,
    "support": 31
  },
  "weighted avg": {
    "precision": 0.5467741935483871,
    "recall": 0.1935483870967742,
    "f1-score": 0.2694088593918814,
    "support": 31
  }
}