{
  "mode": {
    "precision": 0.9,
    "recall": 0.8181818181818182,
    "f1-score": 0.8571428571428572,
    "support": 11,
    "confused_with": {}
  },
  "topic": {
    "precision": 0.0,
    "recall": 0.0,
    "f1-score": 0.0,
    "support": 15,
    "confused_with": {}
  },
  "name": {
    "precision": 0.0,
    "recall": 0.0,
    "f1-score": 0.0,
    "support": 8,
    "confused_with": {}
  },
  "site": {
    "precision": 0.0,
    "recall": 0.0,
    "f1-score": 0.0,
    "support": 9,
    "confused_with": {}
  },
  "micro avg": {
    "precision": 0.9,
    "recall": 0.20930232558139536,
    "f1-score": 0.339622641509434,
    "support": 43
  },
  "macro avg": {
    "precision": 0.225,
    "recall": 0.20454545454545456,
    "f1-score": 0.2142857142857143,
    "support": 43
  },
  "weighted avg": {
    "precision": 0.2302325581395349,
    "recall": 0.20930232558139536,
    "f1-score": 0.21926910299003322,
    "support": 43
  }
}