{
  "site": {
    "precision": 1.0,
    "recall": 0.1111111111111111,
    "f1-score": 0.19999999999999998,
    "support": 9,
    "confused_with": {}
  },
  "mode": {
    "precision": 1.0,
    "recall": 0.42857142857142855,
    "f1-score": 0.6,
    "support": 7,
    "confused_with": {}
  },
  "topic": {
    "precision": 0.0,
    "recall": 0.0,
    "f1-score": 0.0,
    "support": 15,
    "confused_with": {}
  },
  "micro avg": {
    "precision": 1.0,
    "recall": 0.12903225806451613,
    "f1-score": 0.2285714285714286,
    "support": 31
  },
  "macro avg": {
    "precision": 0.6666666666666666,
    "recall": 0.17989417989417988,
    "f1-score": 0.26666666666666666,
    "support": 31
  },
  "weighted avg": {
    "precision": 0.5161290322580645,
    "recall": 0.12903225806451613,
    "f1-score": 0.1935483870967742,
    "support": 31
  }
}