{
  "mode": {
    "precision": 0.8333333333333334,
    "recall": 0.9090909090909091,
    "f1-score": 0.8695652173913043,
    "support": 11,
    "confused_with": {}
  },
  "site": {
    "precision": 0.6923076923076923,
    "recall": 1.0,
    "f1-score": 0.8181818181818181,
    "support": 9,
    "confused_with": {}
  },
  "topic": {
    "precision": 0.0,
    "recall": 0.0,
    "f1-score": 0.0,
    "support": 15,
    "confused_with": {}
  },
  "name": {
    "precision": 0.0,
    "recall": 0.0,
    "f1-score": 0.0,
    "support": 8,
    "confused_with": {}
  },
  "micro avg": {
    "precision": 0.7307692307692307,
    "recall": 0.4418604651162791,
    "f1-score": 0.5507246376811594,
    "support": 43
  },
  "macro avg": {
    "precision": 0.3814102564102564,
    "recall": 0.4772727272727273,
    "f1-score": 0.42193675889328064,
    "support": 43
  },
  "weighted avg": {
    "precision": 0.3580799045915325,
    "recall": 0.4418604651162791,
    "f1-score": 0.3936942733707142,
    "support": 43
  }
}